{
    "accuracy": 0.9931372549019608,
    "precision": 0.9931971380387671,
    "recall": 0.9930741744429529,
    "f1": 0.9926216300550911,
    "loss": 0.02378503419458866
}