{
    "accuracy": 0.986637182548296,
    "precision": 0.980241340099979,
    "recall": 0.977453321104287,
    "f1": 0.9762607320135118,
    "loss": 0.03848148509860039
}