{
    "accuracy": 0.9004516435751154,
    "precision": 0.8216485444888053,
    "recall": 0.852260569579233,
    "f1": 0.8194375871331698,
    "loss": 0.2080407440662384
}