{
    "accuracy": 0.8943607068607069,
    "precision": 0.6706720874990105,
    "recall": 0.6462547246201094,
    "f1": 0.641629464006892,
    "loss": 0.23799480497837067
}