{
    "accuracy": 0.9871953373366301,
    "precision": 0.9893838448434881,
    "recall": 0.9745415545442038,
    "f1": 0.979372527925822,
    "loss": 0.03721602261066437
}