{
    "accuracy": 0.9032022548220592,
    "precision": 0.8256112375203655,
    "recall": 0.8426906879229619,
    "f1": 0.8175275345891436,
    "loss": 0.20626579225063324
}